id,departamento,entidad_territorial,nombre_municipio,estado,p_a
1,BENI,GOBIERNO AUTÓNOMO DEPARTAMENTAL,GAD BENI,NINGUNO,FALSE
2,CHUQUISACA,GOBIERNO AUTÓNOMO DEPARTAMENTAL,GAD CHUQUISACA,NINGUNO,FALSE
3,COCHABAMBA,GOBIERNO AUTÓNOMO DEPARTAMENTAL,GAD COCHABAMBA,NINGUNO,FALSE
4,LA PAZ,GOBIERNO AUTÓNOMO DEPARTAMENTAL,GAD LA PAZ,NINGUNO,FALSE
5,ORURO,GOBIERNO AUTÓNOMO DEPARTAMENTAL,GAD ORURO,NINGUNO,FALSE
6,PANDO,GOBIERNO AUTÓNOMO DEPARTAMENTAL,GAD PANDO,NINGUNO,FALSE
7,POTOSI,GOBIERNO AUTÓNOMO DEPARTAMENTAL,GAD POTOSI,NINGUNO,FALSE
8,SANTA CRUZ,GOBIERNO AUTÓNOMO DEPARTAMENTAL,GAD SANTA CRUZ,NINGUNO,FALSE
9,TARIJA,GOBIERNO AUTÓNOMO DEPARTAMENTAL,GAD TARIJA,NINGUNO,FALSE
10,BENI,GOBIERNO AUTÓNOMO MUNICIPAL,BAURES,NINGUNO,FALSE
11,BENI,GOBIERNO AUTÓNOMO MUNICIPAL,EXALTACIÓN,NINGUNO,FALSE
12,BENI,GOBIERNO AUTÓNOMO MUNICIPAL,HUACARAJE,NINGUNO,FALSE
13,BENI,GOBIERNO AUTÓNOMO MUNICIPAL,LORETO,NINGUNO,FALSE
14,BENI,GOBIERNO AUTÓNOMO MUNICIPAL,MAGDALENA,NINGUNO,FALSE
15,BENI,GOBIERNO AUTÓNOMO MUNICIPAL,PUERTO GUAYARAMERÍN,NINGUNO,FALSE
16,BENI,GOBIERNO AUTÓNOMO MUNICIPAL,PUERTO RURRENABAQUE,NINGUNO,FALSE
17,BENI,GOBIERNO AUTÓNOMO MUNICIPAL,PUERTO SILES,NINGUNO,FALSE
18,BENI,GOBIERNO AUTÓNOMO MUNICIPAL,REYES,NINGUNO,FALSE
19,BENI,GOBIERNO AUTÓNOMO MUNICIPAL,RIBERALTA,NINGUNO,FALSE
20,BENI,GOBIERNO AUTÓNOMO MUNICIPAL,SAN ANDRÉS,NINGUNO,FALSE
21,BENI,GOBIERNO AUTÓNOMO MUNICIPAL,SAN BORJA,NINGUNO,FALSE
22,BENI,GOBIERNO AUTÓNOMO MUNICIPAL,SAN IGNACIO,NINGUNO,FALSE
23,BENI,GOBIERNO AUTÓNOMO MUNICIPAL,SAN JAVIER,NINGUNO,FALSE
24,BENI,GOBIERNO AUTÓNOMO MUNICIPAL,SAN JOAQUÍN,NINGUNO,FALSE
25,BENI,GOBIERNO AUTÓNOMO MUNICIPAL,SAN RAMÓN,NINGUNO,FALSE
26,BENI,GOBIERNO AUTÓNOMO MUNICIPAL,SANTA ANA DE YACUMA,NINGUNO,FALSE
27,BENI,GOBIERNO AUTÓNOMO MUNICIPAL,SANTA ROSA,NINGUNO,FALSE
28,BENI,GOBIERNO AUTÓNOMO MUNICIPAL,TRINIDAD,NINGUNO,FALSE
29,CHUQUISACA,GOBIERNO AUTÓNOMO MUNICIPAL,CAMARGO,NINGUNO,FALSE
30,CHUQUISACA,GOBIERNO AUTÓNOMO MUNICIPAL,CAMATAQUI (VILLA ABECIA),NINGUNO,FALSE
31,CHUQUISACA,GOBIERNO AUTÓNOMO MUNICIPAL,CULPINA,NINGUNO,FALSE
32,CHUQUISACA,GOBIERNO AUTÓNOMO MUNICIPAL,EL VILLAR,NINGUNO,FALSE
33,CHUQUISACA,GOBIERNO AUTÓNOMO MUNICIPAL,ICLA,NINGUNO,FALSE
34,CHUQUISACA,GOBIERNO AUTÓNOMO MUNICIPAL,INCAHUASI,NINGUNO,FALSE
35,CHUQUISACA,GOBIERNO AUTÓNOMO MUNICIPAL,LAS CARRERAS,NINGUNO,FALSE
36,CHUQUISACA,GOBIERNO AUTÓNOMO MUNICIPAL,MACHARETÍ,NINGUNO,FALSE
37,CHUQUISACA,GOBIERNO AUTÓNOMO MUNICIPAL,MONTEAGUDO,NINGUNO,FALSE
38,CHUQUISACA,GOBIERNO AUTÓNOMO MUNICIPAL,MUYUPAMPA,NINGUNO,FALSE
39,CHUQUISACA,GOBIERNO AUTÓNOMO MUNICIPAL,PADILLA,NINGUNO,FALSE
40,CHUQUISACA,GOBIERNO AUTÓNOMO MUNICIPAL,POROMA,NINGUNO,FALSE
41,CHUQUISACA,GOBIERNO AUTÓNOMO MUNICIPAL,PRESTO,NINGUNO,FALSE
42,CHUQUISACA,GOBIERNO AUTÓNOMO MUNICIPAL,SAN LUCAS,NINGUNO,FALSE
43,CHUQUISACA,GOBIERNO AUTÓNOMO MUNICIPAL,SAN PABLO DE HUACARETA,NINGUNO,FALSE
44,CHUQUISACA,GOBIERNO AUTÓNOMO MUNICIPAL,SOPACHUY,NINGUNO,FALSE
45,CHUQUISACA,GOBIERNO AUTÓNOMO MUNICIPAL,SUCRE,NINGUNO,FALSE
46,CHUQUISACA,GOBIERNO AUTÓNOMO MUNICIPAL,TARABUCO,NINGUNO,FALSE
47,CHUQUISACA,GOBIERNO AUTÓNOMO MUNICIPAL,TARVITA,NINGUNO,FALSE
48,CHUQUISACA,GOBIERNO AUTÓNOMO MUNICIPAL,TOMINA,NINGUNO,FALSE
49,CHUQUISACA,GOBIERNO AUTÓNOMO MUNICIPAL,VILLA ALCALÁ,NINGUNO,FALSE
50,CHUQUISACA,GOBIERNO AUTÓNOMO MUNICIPAL,VILLA AZURDUY,NINGUNO,FALSE
51,CHUQUISACA,GOBIERNO AUTÓNOMO MUNICIPAL,VILLA CHARCAS,NINGUNO,FALSE
52,CHUQUISACA,GOBIERNO AUTÓNOMO MUNICIPAL,VILLA DE HUACAYA,NINGUNO,FALSE
53,CHUQUISACA,GOBIERNO AUTÓNOMO MUNICIPAL,VILLA MOJOCOYA,NINGUNO,FALSE
54,CHUQUISACA,GOBIERNO AUTÓNOMO MUNICIPAL,VILLA SERRANO,NINGUNO,FALSE
55,CHUQUISACA,GOBIERNO AUTÓNOMO MUNICIPAL,VILLA VACA GUSMÁN,NINGUNO,FALSE
56,CHUQUISACA,GOBIERNO AUTÓNOMO MUNICIPAL,VILLA ZUDAÑEZ (TACOPAYA),NINGUNO,FALSE
57,CHUQUISACA,GOBIERNO AUTÓNOMO MUNICIPAL,YAMPARAEZ,NINGUNO,FALSE
58,CHUQUISACA,GOBIERNO AUTÓNOMO MUNICIPAL,YOTALA,NINGUNO,FALSE
59,COCHABAMBA,GOBIERNO AUTÓNOMO MUNICIPAL,AIQUILE,NINGUNO,FALSE
60,COCHABAMBA,GOBIERNO AUTÓNOMO MUNICIPAL,ALALAY,NINGUNO,FALSE
61,COCHABAMBA,GOBIERNO AUTÓNOMO MUNICIPAL,ANZALDO,NINGUNO,FALSE
62,COCHABAMBA,GOBIERNO AUTÓNOMO MUNICIPAL,ARANI,NINGUNO,FALSE
63,COCHABAMBA,GOBIERNO AUTÓNOMO MUNICIPAL,ARBIETO,NINGUNO,FALSE
64,COCHABAMBA,GOBIERNO AUTÓNOMO MUNICIPAL,ARQUE,NINGUNO,FALSE
65,COCHABAMBA,GOBIERNO AUTÓNOMO MUNICIPAL,BOLÍVAR,NINGUNO,FALSE
66,COCHABAMBA,GOBIERNO AUTÓNOMO MUNICIPAL,CAPINOTA,NINGUNO,FALSE
67,COCHABAMBA,GOBIERNO AUTÓNOMO MUNICIPAL,CHIMORÉ,NINGUNO,FALSE
68,COCHABAMBA,GOBIERNO AUTÓNOMO MUNICIPAL,CLIZA,NINGUNO,FALSE
69,COCHABAMBA,GOBIERNO AUTÓNOMO MUNICIPAL,COCAPATA,NINGUNO,FALSE
70,COCHABAMBA,GOBIERNO AUTÓNOMO MUNICIPAL,COCHABAMBA,NINGUNO,FALSE
71,COCHABAMBA,GOBIERNO AUTÓNOMO MUNICIPAL,COLCAPIRHUA,NINGUNO,FALSE
72,COCHABAMBA,GOBIERNO AUTÓNOMO MUNICIPAL,COLOMI,NINGUNO,FALSE
73,COCHABAMBA,GOBIERNO AUTÓNOMO MUNICIPAL,CUCHUMUELA,NINGUNO,FALSE
74,COCHABAMBA,GOBIERNO AUTÓNOMO MUNICIPAL,ENTRE RÍOS,NINGUNO,FALSE
75,COCHABAMBA,GOBIERNO AUTÓNOMO MUNICIPAL,INDEPENDENCIA,NINGUNO,FALSE
76,COCHABAMBA,GOBIERNO AUTÓNOMO MUNICIPAL,MIZQUE,NINGUNO,FALSE
77,COCHABAMBA,GOBIERNO AUTÓNOMO MUNICIPAL,MOROCHATA,NINGUNO,FALSE
78,COCHABAMBA,GOBIERNO AUTÓNOMO MUNICIPAL,OMEREQUE,NINGUNO,FALSE
79,COCHABAMBA,GOBIERNO AUTÓNOMO MUNICIPAL,PASORAPA,NINGUNO,FALSE
80,COCHABAMBA,GOBIERNO AUTÓNOMO MUNICIPAL,POCONA,NINGUNO,FALSE
81,COCHABAMBA,GOBIERNO AUTÓNOMO MUNICIPAL,POJO,NINGUNO,FALSE
82,COCHABAMBA,GOBIERNO AUTÓNOMO MUNICIPAL,PUERTO VILLARROEL,NINGUNO,FALSE
83,COCHABAMBA,GOBIERNO AUTÓNOMO MUNICIPAL,PUNATA,NINGUNO,FALSE
84,COCHABAMBA,GOBIERNO AUTÓNOMO MUNICIPAL,QUILLACOLLO,NINGUNO,FALSE
85,COCHABAMBA,GOBIERNO AUTÓNOMO MUNICIPAL,SACABA,NINGUNO,FALSE
86,COCHABAMBA,GOBIERNO AUTÓNOMO MUNICIPAL,SACABAMBA,NINGUNO,FALSE
87,COCHABAMBA,GOBIERNO AUTÓNOMO MUNICIPAL,SAN BENITO,NINGUNO,FALSE
88,COCHABAMBA,GOBIERNO AUTÓNOMO MUNICIPAL,SANTIVAÑEZ,NINGUNO,FALSE
89,COCHABAMBA,GOBIERNO AUTÓNOMO MUNICIPAL,SHINAHOTA,NINGUNO,FALSE
90,COCHABAMBA,GOBIERNO AUTÓNOMO MUNICIPAL,SICAYA,NINGUNO,FALSE
91,COCHABAMBA,GOBIERNO AUTÓNOMO MUNICIPAL,SIPESIPE,NINGUNO,FALSE
92,COCHABAMBA,GOBIERNO AUTÓNOMO MUNICIPAL,TACACHI,NINGUNO,FALSE
93,COCHABAMBA,GOBIERNO AUTÓNOMO MUNICIPAL,TACOPAYA,NINGUNO,FALSE
94,COCHABAMBA,GOBIERNO AUTÓNOMO MUNICIPAL,TAPACARÍ,NINGUNO,FALSE
95,COCHABAMBA,GOBIERNO AUTÓNOMO MUNICIPAL,TARATA,NINGUNO,FALSE
96,COCHABAMBA,GOBIERNO AUTÓNOMO MUNICIPAL,TIQUIPAYA,NINGUNO,FALSE
97,COCHABAMBA,GOBIERNO AUTÓNOMO MUNICIPAL,TIRAQUE,NINGUNO,FALSE
98,COCHABAMBA,GOBIERNO AUTÓNOMO MUNICIPAL,TOCO,NINGUNO,FALSE
99,COCHABAMBA,GOBIERNO AUTÓNOMO MUNICIPAL,TOLATA,NINGUNO,FALSE
100,COCHABAMBA,GOBIERNO AUTÓNOMO MUNICIPAL,TOTORA,NINGUNO,FALSE
101,COCHABAMBA,GOBIERNO AUTÓNOMO MUNICIPAL,VACAS,NINGUNO,FALSE
102,COCHABAMBA,GOBIERNO AUTÓNOMO MUNICIPAL,VILA VILA,NINGUNO,FALSE
103,COCHABAMBA,GOBIERNO AUTÓNOMO MUNICIPAL,VILLA GUALBERTO VILLAROEL,NINGUNO,FALSE
104,COCHABAMBA,GOBIERNO AUTÓNOMO MUNICIPAL,VILLA RIVERO,NINGUNO,FALSE
105,COCHABAMBA,GOBIERNO AUTÓNOMO MUNICIPAL,VILLA TUNARI,NINGUNO,FALSE
106,COCHABAMBA,GOBIERNO AUTÓNOMO MUNICIPAL,VINTO,NINGUNO,FALSE
107,LA PAZ,GOBIERNO AUTÓNOMO MUNICIPAL,ACHACACHI,NINGUNO,FALSE
108,LA PAZ,GOBIERNO AUTÓNOMO MUNICIPAL,ACHOCALLA,NINGUNO,FALSE
109,LA PAZ,GOBIERNO AUTÓNOMO MUNICIPAL,ALTO BENI,NINGUNO,FALSE
110,LA PAZ,GOBIERNO AUTÓNOMO MUNICIPAL,ANCORAIMES,NINGUNO,FALSE
111,LA PAZ,GOBIERNO AUTÓNOMO MUNICIPAL,APOLO,NINGUNO,FALSE
112,LA PAZ,GOBIERNO AUTÓNOMO MUNICIPAL,AUCAPATA,NINGUNO,FALSE
113,LA PAZ,GOBIERNO AUTÓNOMO MUNICIPAL,AYATA,NINGUNO,FALSE
114,LA PAZ,GOBIERNO AUTÓNOMO MUNICIPAL,AYO AYO,NINGUNO,FALSE
115,LA PAZ,GOBIERNO AUTÓNOMO MUNICIPAL,BATALLAS,NINGUNO,FALSE
116,LA PAZ,GOBIERNO AUTÓNOMO MUNICIPAL,CAIROMA,NINGUNO,FALSE
117,LA PAZ,GOBIERNO AUTÓNOMO MUNICIPAL,CAJUATA,NINGUNO,FALSE
118,LA PAZ,GOBIERNO AUTÓNOMO MUNICIPAL,CALACOTO,NINGUNO,FALSE
119,LA PAZ,GOBIERNO AUTÓNOMO MUNICIPAL,CALAMARCA,NINGUNO,FALSE
120,LA PAZ,GOBIERNO AUTÓNOMO MUNICIPAL,CAQUIAVIRI,NINGUNO,FALSE
121,LA PAZ,GOBIERNO AUTÓNOMO MUNICIPAL,CARABUCO,NINGUNO,FALSE
122,LA PAZ,GOBIERNO AUTÓNOMO MUNICIPAL,CARANAVI,NINGUNO,FALSE
123,LA PAZ,GOBIERNO AUTÓNOMO MUNICIPAL,CATACORA,NINGUNO,FALSE
124,LA PAZ,GOBIERNO AUTÓNOMO MUNICIPAL,CHACARILLA,NINGUNO,FALSE
125,LA PAZ,GOBIERNO AUTÓNOMO MUNICIPAL,CHARAÑA,NINGUNO,FALSE
126,LA PAZ,GOBIERNO AUTÓNOMO MUNICIPAL,CHUA COCANI,NINGUNO,FALSE
127,LA PAZ,GOBIERNO AUTÓNOMO MUNICIPAL,CHULUMANI (VILLA LIBERTAD),NINGUNO,FALSE
128,LA PAZ,GOBIERNO AUTÓNOMO MUNICIPAL,CHUMA,NINGUNO,FALSE
129,LA PAZ,GOBIERNO AUTÓNOMO MUNICIPAL,COLLANA,NINGUNO,FALSE
130,LA PAZ,GOBIERNO AUTÓNOMO MUNICIPAL,COLQUENCHA,NINGUNO,FALSE
131,LA PAZ,GOBIERNO AUTÓNOMO MUNICIPAL,COLQUIRI,NINGUNO,FALSE
132,LA PAZ,GOBIERNO AUTÓNOMO MUNICIPAL,COMANCHE,NINGUNO,FALSE
133,LA PAZ,GOBIERNO AUTÓNOMO MUNICIPAL,COMBAYA,NINGUNO,FALSE
134,LA PAZ,GOBIERNO AUTÓNOMO MUNICIPAL,COPACABANA,NINGUNO,FALSE
135,LA PAZ,GOBIERNO AUTÓNOMO MUNICIPAL,CORIPATA,NINGUNO,FALSE
136,LA PAZ,GOBIERNO AUTÓNOMO MUNICIPAL,COROCORO,NINGUNO,FALSE
137,LA PAZ,GOBIERNO AUTÓNOMO MUNICIPAL,COROICO,NINGUNO,FALSE
138,LA PAZ,GOBIERNO AUTÓNOMO MUNICIPAL,CURVA,NINGUNO,FALSE
139,LA PAZ,GOBIERNO AUTÓNOMO MUNICIPAL,DESAGUADERO,NINGUNO,FALSE
140,LA PAZ,GOBIERNO AUTÓNOMO MUNICIPAL,EL ALTO,NINGUNO,FALSE
141,LA PAZ,GOBIERNO AUTÓNOMO MUNICIPAL,ESCOMA,NINGUNO,FALSE
142,LA PAZ,GOBIERNO AUTÓNOMO MUNICIPAL,GENERAL JUAN JOSE PEREZ (CHARAZANI),NINGUNO,FALSE
143,LA PAZ,GOBIERNO AUTÓNOMO MUNICIPAL,GUANAY,NINGUNO,FALSE
144,LA PAZ,GOBIERNO AUTÓNOMO MUNICIPAL,GUAQUI,NINGUNO,FALSE
145,LA PAZ,GOBIERNO AUTÓNOMO MUNICIPAL,HUARINA,NINGUNO,FALSE
146,LA PAZ,GOBIERNO AUTÓNOMO MUNICIPAL,HUATAJATA,NINGUNO,FALSE
147,LA PAZ,GOBIERNO AUTÓNOMO MUNICIPAL,HUMANATA,NINGUNO,FALSE
148,LA PAZ,GOBIERNO AUTÓNOMO MUNICIPAL,ICHOCA,NINGUNO,FALSE
149,LA PAZ,GOBIERNO AUTÓNOMO MUNICIPAL,INQUISIVI,NINGUNO,FALSE
150,LA PAZ,GOBIERNO AUTÓNOMO MUNICIPAL,IRUPANA (VILLA DE LANZA),NINGUNO,FALSE
151,LA PAZ,GOBIERNO AUTÓNOMO MUNICIPAL,IXIAMAS,NINGUNO,FALSE
152,LA PAZ,GOBIERNO AUTÓNOMO MUNICIPAL,JESÚS DE MACHACA,NINGUNO,FALSE
153,LA PAZ,GOBIERNO AUTÓNOMO MUNICIPAL,LA ASUNTA,NINGUNO,FALSE
154,LA PAZ,GOBIERNO AUTÓNOMO MUNICIPAL,LA PAZ,NINGUNO,FALSE
155,LA PAZ,GOBIERNO AUTÓNOMO MUNICIPAL,LAJA,NINGUNO,FALSE
156,LA PAZ,GOBIERNO AUTÓNOMO MUNICIPAL,LURIBAY,NINGUNO,FALSE
157,LA PAZ,GOBIERNO AUTÓNOMO MUNICIPAL,MALLA,NINGUNO,FALSE
158,LA PAZ,GOBIERNO AUTÓNOMO MUNICIPAL,MAPIRI,NINGUNO,FALSE
159,LA PAZ,GOBIERNO AUTÓNOMO MUNICIPAL,MECAPACA,NINGUNO,FALSE
160,LA PAZ,GOBIERNO AUTÓNOMO MUNICIPAL,MOCOMOCO,NINGUNO,FALSE
161,LA PAZ,GOBIERNO AUTÓNOMO MUNICIPAL,NAZACARA DE PACAJES,NINGUNO,FALSE
162,LA PAZ,GOBIERNO AUTÓNOMO MUNICIPAL,PALCA,NINGUNO,FALSE
163,LA PAZ,GOBIERNO AUTÓNOMO MUNICIPAL,PALOS BLANCOS,NINGUNO,FALSE
164,LA PAZ,GOBIERNO AUTÓNOMO MUNICIPAL,PAPEL PAMPA,NINGUNO,FALSE
165,LA PAZ,GOBIERNO AUTÓNOMO MUNICIPAL,PATACAMAYA,NINGUNO,FALSE
166,LA PAZ,GOBIERNO AUTÓNOMO MUNICIPAL,PELECHUCO,NINGUNO,FALSE
167,LA PAZ,GOBIERNO AUTÓNOMO MUNICIPAL,PUCARANI,NINGUNO,FALSE
168,LA PAZ,GOBIERNO AUTÓNOMO MUNICIPAL,PUERTO ACOSTA,NINGUNO,FALSE
169,LA PAZ,GOBIERNO AUTÓNOMO MUNICIPAL,PUERTO PÉREZ,NINGUNO,FALSE
170,LA PAZ,GOBIERNO AUTÓNOMO MUNICIPAL,QUIABAYA,NINGUNO,FALSE
171,LA PAZ,GOBIERNO AUTÓNOMO MUNICIPAL,QUIME,NINGUNO,FALSE
172,LA PAZ,GOBIERNO AUTÓNOMO MUNICIPAL,SAN ANDRÉS DE MACHACA,NINGUNO,FALSE
173,LA PAZ,GOBIERNO AUTÓNOMO MUNICIPAL,SAN BUENAVENTURA,NINGUNO,FALSE
174,LA PAZ,GOBIERNO AUTÓNOMO MUNICIPAL,SAN PEDRO DE CUARAHUARA,NINGUNO,FALSE
175,LA PAZ,GOBIERNO AUTÓNOMO MUNICIPAL,SAN PEDRO DE TIQUINA,NINGUNO,FALSE
176,LA PAZ,GOBIERNO AUTÓNOMO MUNICIPAL,SANTIAGO DE CALLAPA,NINGUNO,FALSE
177,LA PAZ,GOBIERNO AUTÓNOMO MUNICIPAL,SANTIAGO DE HUATA,NINGUNO,FALSE
178,LA PAZ,GOBIERNO AUTÓNOMO MUNICIPAL,SANTIAGO DE MACHACA,NINGUNO,FALSE
179,LA PAZ,GOBIERNO AUTÓNOMO MUNICIPAL,SAPAHAQUI,NINGUNO,FALSE
180,LA PAZ,GOBIERNO AUTÓNOMO MUNICIPAL,SICA SICA (VILLA AROMA),NINGUNO,FALSE
181,LA PAZ,GOBIERNO AUTÓNOMO MUNICIPAL,SORATA,NINGUNO,FALSE
182,LA PAZ,GOBIERNO AUTÓNOMO MUNICIPAL,TACACOMA,NINGUNO,FALSE
183,LA PAZ,GOBIERNO AUTÓNOMO MUNICIPAL,TARACO,NINGUNO,FALSE
184,LA PAZ,GOBIERNO AUTÓNOMO MUNICIPAL,TEOPONTE,NINGUNO,FALSE
185,LA PAZ,GOBIERNO AUTÓNOMO MUNICIPAL,TIAHUANACU,NINGUNO,FALSE
186,LA PAZ,GOBIERNO AUTÓNOMO MUNICIPAL,TIPUANI,NINGUNO,FALSE
187,LA PAZ,GOBIERNO AUTÓNOMO MUNICIPAL,TITO YUPANQUI,NINGUNO,FALSE
188,LA PAZ,GOBIERNO AUTÓNOMO MUNICIPAL,UMALA,NINGUNO,FALSE
189,LA PAZ,GOBIERNO AUTÓNOMO MUNICIPAL,VIACHA,NINGUNO,FALSE
190,LA PAZ,GOBIERNO AUTÓNOMO MUNICIPAL,VILLA LIBERTAD LICOMA,NINGUNO,FALSE
191,LA PAZ,GOBIERNO AUTÓNOMO MUNICIPAL,WALDO BALLIVIÁN,NINGUNO,FALSE
192,LA PAZ,GOBIERNO AUTÓNOMO MUNICIPAL,YACO,NINGUNO,FALSE
193,LA PAZ,GOBIERNO AUTÓNOMO MUNICIPAL,YANACACHI,NINGUNO,FALSE
194,ORURO,GOBIERNO AUTÓNOMO MUNICIPAL,ANDAMARCA (SANTIAGO DE ANDAMARCA),NINGUNO,FALSE
195,ORURO,GOBIERNO AUTÓNOMO MUNICIPAL,ANTEQUERA,NINGUNO,FALSE
196,ORURO,GOBIERNO AUTÓNOMO MUNICIPAL,BELÉN DE ANDAMARCA,NINGUNO,FALSE
197,ORURO,GOBIERNO AUTÓNOMO MUNICIPAL,CARACOLLO,NINGUNO,FALSE
198,ORURO,GOBIERNO AUTÓNOMO MUNICIPAL,CARANGAS,NINGUNO,FALSE
199,ORURO,GOBIERNO AUTÓNOMO MUNICIPAL,CHALLAPATA,NINGUNO,FALSE
200,ORURO,GOBIERNO AUTÓNOMO MUNICIPAL,CHIPAYA,NINGUNO,FALSE
201,ORURO,GOBIERNO AUTÓNOMO MUNICIPAL,CHOQUECOTA,NINGUNO,FALSE
202,ORURO,GOBIERNO AUTÓNOMO MUNICIPAL,COIPASA,NINGUNO,FALSE
203,ORURO,GOBIERNO AUTÓNOMO MUNICIPAL,CORQUE,NINGUNO,FALSE
204,ORURO,GOBIERNO AUTÓNOMO MUNICIPAL,CRUZ DE MACHACAMARCA,NINGUNO,FALSE
205,ORURO,GOBIERNO AUTÓNOMO MUNICIPAL,CURAHUARA DE CARANGAS,NINGUNO,FALSE
206,ORURO,GOBIERNO AUTÓNOMO MUNICIPAL,EL CHORO,NINGUNO,FALSE
207,ORURO,GOBIERNO AUTÓNOMO MUNICIPAL,ESCARA,NINGUNO,FALSE
208,ORURO,GOBIERNO AUTÓNOMO MUNICIPAL,ESMERALDA,NINGUNO,FALSE
209,ORURO,GOBIERNO AUTÓNOMO MUNICIPAL,EUCALIPTUS,NINGUNO,FALSE
210,ORURO,GOBIERNO AUTÓNOMO MUNICIPAL,HUACHACALLA,NINGUNO,FALSE
211,ORURO,GOBIERNO AUTÓNOMO MUNICIPAL,HUANUNI,NINGUNO,FALSE
212,ORURO,GOBIERNO AUTÓNOMO MUNICIPAL,HUAYLLAMARCA (SANTIAGO DE HUAYLLAMARCA),NINGUNO,FALSE
213,ORURO,GOBIERNO AUTÓNOMO MUNICIPAL,LA RIVERA,NINGUNO,FALSE
214,ORURO,GOBIERNO AUTÓNOMO MUNICIPAL,MACHACAMARCA,NINGUNO,FALSE
215,ORURO,GOBIERNO AUTÓNOMO MUNICIPAL,ORURO,NINGUNO,FALSE
216,ORURO,GOBIERNO AUTÓNOMO MUNICIPAL,PAMPA AULLAGAS,NINGUNO,FALSE
217,ORURO,GOBIERNO AUTÓNOMO MUNICIPAL,PARI - PARIA - SORACACHI,NINGUNO,FALSE
218,ORURO,GOBIERNO AUTÓNOMO MUNICIPAL,PAZÑA,NINGUNO,FALSE
219,ORURO,GOBIERNO AUTÓNOMO MUNICIPAL,POOPÓ (VILLA POOPÓ),NINGUNO,FALSE
220,ORURO,GOBIERNO AUTÓNOMO MUNICIPAL,SABAYA,NINGUNO,FALSE
221,ORURO,GOBIERNO AUTÓNOMO MUNICIPAL,SALINAS DE GARCÍA MENDOZA,NINGUNO,FALSE
222,ORURO,GOBIERNO AUTÓNOMO MUNICIPAL,SANTIAGO DE QUILLACAS,NINGUNO,FALSE
223,ORURO,GOBIERNO AUTÓNOMO MUNICIPAL,SORACACHI,NINGUNO,FALSE
224,ORURO,GOBIERNO AUTÓNOMO MUNICIPAL,TODOS SANTOS,NINGUNO,FALSE
225,ORURO,GOBIERNO AUTÓNOMO MUNICIPAL,TOLEDO,NINGUNO,FALSE
226,ORURO,GOBIERNO AUTÓNOMO MUNICIPAL,TOTORA,NINGUNO,FALSE
227,ORURO,GOBIERNO AUTÓNOMO MUNICIPAL,TURCO,NINGUNO,FALSE
228,ORURO,GOBIERNO AUTÓNOMO MUNICIPAL,YUNGUYO DE LITORAL,NINGUNO,FALSE
229,PANDO,GOBIERNO AUTÓNOMO MUNICIPAL,BELLA FLOR,NINGUNO,FALSE
230,PANDO,GOBIERNO AUTÓNOMO MUNICIPAL,BOLPEBRA,NINGUNO,FALSE
231,PANDO,GOBIERNO AUTÓNOMO MUNICIPAL,COBIJA,NINGUNO,FALSE
232,PANDO,GOBIERNO AUTÓNOMO MUNICIPAL,FILADELFIA,NINGUNO,FALSE
233,PANDO,GOBIERNO AUTÓNOMO MUNICIPAL,INGAVI (HUMAITA),NINGUNO,FALSE
234,PANDO,GOBIERNO AUTÓNOMO MUNICIPAL,NUEVA ESPERANZA,NINGUNO,FALSE
235,PANDO,GOBIERNO AUTÓNOMO MUNICIPAL,PORVENIR,NINGUNO,FALSE
236,PANDO,GOBIERNO AUTÓNOMO MUNICIPAL,PUERTO GONZALO MORENO,NINGUNO,FALSE
237,PANDO,GOBIERNO AUTÓNOMO MUNICIPAL,PUERTO RICO,NINGUNO,FALSE
238,PANDO,GOBIERNO AUTÓNOMO MUNICIPAL,SAN LORENZO,NINGUNO,FALSE
239,PANDO,GOBIERNO AUTÓNOMO MUNICIPAL,SAN PEDRO,NINGUNO,FALSE
240,PANDO,GOBIERNO AUTÓNOMO MUNICIPAL,SANTA ROSA DEL ABUNÁ,NINGUNO,FALSE
241,PANDO,GOBIERNO AUTÓNOMO MUNICIPAL,SANTOS MERCADO,NINGUNO,FALSE
242,PANDO,GOBIERNO AUTÓNOMO MUNICIPAL,SENA,NINGUNO,FALSE
243,PANDO,GOBIERNO AUTÓNOMO MUNICIPAL,VILLA NUEVA (LOMA ALTA),NINGUNO,FALSE
244,POTOSI,GOBIERNO AUTÓNOMO MUNICIPAL,ACASIO,NINGUNO,FALSE
245,POTOSI,GOBIERNO AUTÓNOMO MUNICIPAL,ARAMPAMPA,NINGUNO,FALSE
246,POTOSI,GOBIERNO AUTÓNOMO MUNICIPAL,ATOCHA,NINGUNO,FALSE
247,POTOSI,GOBIERNO AUTÓNOMO MUNICIPAL,BETANZOS,NINGUNO,FALSE
248,POTOSI,GOBIERNO AUTÓNOMO MUNICIPAL,"CAIZA ""D""",NINGUNO,FALSE
249,POTOSI,GOBIERNO AUTÓNOMO MUNICIPAL,CARIPUYO,NINGUNO,FALSE
250,POTOSI,GOBIERNO AUTÓNOMO MUNICIPAL,CHAQUÍ,NINGUNO,FALSE
251,POTOSI,GOBIERNO AUTÓNOMO MUNICIPAL,CHAYANTA,NINGUNO,FALSE
252,POTOSI,GOBIERNO AUTÓNOMO MUNICIPAL,CHUQUIUTA AYLLU JUCUMANI,NINGUNO,FALSE
253,POTOSI,GOBIERNO AUTÓNOMO MUNICIPAL,CKOCHAS,NINGUNO,FALSE
254,POTOSI,GOBIERNO AUTÓNOMO MUNICIPAL,"COLCHA ""K""",NINGUNO,FALSE
255,POTOSI,GOBIERNO AUTÓNOMO MUNICIPAL,"COLCHA ""K"" (VILLA MARTÍN)",NINGUNO,FALSE
256,POTOSI,GOBIERNO AUTÓNOMO MUNICIPAL,COTAGAITA,NINGUNO,FALSE
257,POTOSI,GOBIERNO AUTÓNOMO MUNICIPAL,LLALLAGUA,NINGUNO,FALSE
258,POTOSI,GOBIERNO AUTÓNOMO MUNICIPAL,LLICA,NINGUNO,FALSE
259,POTOSI,GOBIERNO AUTÓNOMO MUNICIPAL,MOJINETE,NINGUNO,FALSE
260,POTOSI,GOBIERNO AUTÓNOMO MUNICIPAL,OCURÍ,NINGUNO,FALSE
261,POTOSI,GOBIERNO AUTÓNOMO MUNICIPAL,POCOATA,NINGUNO,FALSE
262,POTOSI,GOBIERNO AUTÓNOMO MUNICIPAL,PORCO,NINGUNO,FALSE
263,POTOSI,GOBIERNO AUTÓNOMO MUNICIPAL,POTOSÍ,NINGUNO,FALSE
264,POTOSI,GOBIERNO AUTÓNOMO MUNICIPAL,PUNA (VILLA TALAVERA),NINGUNO,FALSE
265,POTOSI,GOBIERNO AUTÓNOMO MUNICIPAL,RAVELO,NINGUNO,FALSE
266,POTOSI,GOBIERNO AUTÓNOMO MUNICIPAL,SACACA (VILLA DE SACACA),NINGUNO,FALSE
267,POTOSI,GOBIERNO AUTÓNOMO MUNICIPAL,SAN AGUSTÍN,NINGUNO,FALSE
268,POTOSI,GOBIERNO AUTÓNOMO MUNICIPAL,SAN ANTONIO DE ESMORUCO,NINGUNO,FALSE
269,POTOSI,GOBIERNO AUTÓNOMO MUNICIPAL,SAN PABLO DE LIPEZ,NINGUNO,FALSE
270,POTOSI,GOBIERNO AUTÓNOMO MUNICIPAL,SAN PEDRO DE BUENA VISTA,NINGUNO,FALSE
271,POTOSI,GOBIERNO AUTÓNOMO MUNICIPAL,SAN PEDRO DE MACHACA,NINGUNO,FALSE
272,POTOSI,GOBIERNO AUTÓNOMO MUNICIPAL,SAN PEDRO DE QUEMES,NINGUNO,FALSE
273,POTOSI,GOBIERNO AUTÓNOMO MUNICIPAL,TACOBAMBA,NINGUNO,FALSE
274,POTOSI,GOBIERNO AUTÓNOMO MUNICIPAL,TAHUA,NINGUNO,FALSE
275,POTOSI,GOBIERNO AUTÓNOMO MUNICIPAL,TINGUIPAYA,NINGUNO,FALSE
276,POTOSI,GOBIERNO AUTÓNOMO MUNICIPAL,TOMAVE,NINGUNO,FALSE
277,POTOSI,GOBIERNO AUTÓNOMO MUNICIPAL,TORO TORO,NINGUNO,FALSE
278,POTOSI,GOBIERNO AUTÓNOMO MUNICIPAL,TUPIZA,NINGUNO,FALSE
279,POTOSI,GOBIERNO AUTÓNOMO MUNICIPAL,UNCÍA,NINGUNO,FALSE
280,POTOSI,GOBIERNO AUTÓNOMO MUNICIPAL,URMIRI,NINGUNO,FALSE
281,POTOSI,GOBIERNO AUTÓNOMO MUNICIPAL,UYUNI,NINGUNO,FALSE
282,POTOSI,GOBIERNO AUTÓNOMO MUNICIPAL,VILLAZÓN,NINGUNO,FALSE
283,POTOSI,GOBIERNO AUTÓNOMO MUNICIPAL,VITICHI,NINGUNO,FALSE
284,POTOSI,GOBIERNO AUTÓNOMO MUNICIPAL,YOCALLA,NINGUNO,FALSE
285,SANTA CRUZ,GOBIERNO AUTÓNOMO MUNICIPAL,ASCENSIÓN DE GUARAYOS,NINGUNO,FALSE
286,SANTA CRUZ,GOBIERNO AUTÓNOMO MUNICIPAL,BOYUIBE,NINGUNO,FALSE
287,SANTA CRUZ,GOBIERNO AUTÓNOMO MUNICIPAL,BUENA VISTA,NINGUNO,FALSE
288,SANTA CRUZ,GOBIERNO AUTÓNOMO MUNICIPAL,CABEZAS,NINGUNO,FALSE
289,SANTA CRUZ,GOBIERNO AUTÓNOMO MUNICIPAL,CAMIRI,NINGUNO,FALSE
290,SANTA CRUZ,GOBIERNO AUTÓNOMO MUNICIPAL,CHARAGUA,NINGUNO,FALSE
291,SANTA CRUZ,GOBIERNO AUTÓNOMO MUNICIPAL,COLPA BELGICA,NINGUNO,FALSE
292,SANTA CRUZ,GOBIERNO AUTÓNOMO MUNICIPAL,COMARAPA,NINGUNO,FALSE
293,SANTA CRUZ,GOBIERNO AUTÓNOMO MUNICIPAL,CONCEPCIÓN,NINGUNO,FALSE
294,SANTA CRUZ,GOBIERNO AUTÓNOMO MUNICIPAL,COTOCA,NINGUNO,FALSE
295,SANTA CRUZ,GOBIERNO AUTÓNOMO MUNICIPAL,CUATRO CAÑADAS,NINGUNO,FALSE
296,SANTA CRUZ,GOBIERNO AUTÓNOMO MUNICIPAL,CUEVO,NINGUNO,FALSE
297,SANTA CRUZ,GOBIERNO AUTÓNOMO MUNICIPAL,EL CARMEN RIVERO TORREZ,NINGUNO,FALSE
298,SANTA CRUZ,GOBIERNO AUTÓNOMO MUNICIPAL,EL PUENTE,NINGUNO,FALSE
299,SANTA CRUZ,GOBIERNO AUTÓNOMO MUNICIPAL,EL TORNO,NINGUNO,FALSE
300,SANTA CRUZ,GOBIERNO AUTÓNOMO MUNICIPAL,FERNANDO ALONSO,NINGUNO,FALSE
301,SANTA CRUZ,GOBIERNO AUTÓNOMO MUNICIPAL,GRAL. AGUSTIN SAAVEDRA,NINGUNO,FALSE
302,SANTA CRUZ,GOBIERNO AUTÓNOMO MUNICIPAL,GENERAL AGUSTIN SAAVEDRA,NINGUNO,FALSE
303,SANTA CRUZ,GOBIERNO AUTÓNOMO MUNICIPAL,LA GUARDIA,NINGUNO,FALSE
304,SANTA CRUZ,GOBIERNO AUTÓNOMO MUNICIPAL,LAGUNILLAS,NINGUNO,FALSE
305,SANTA CRUZ,GOBIERNO AUTÓNOMO MUNICIPAL,MAIRANA,NINGUNO,FALSE
306,SANTA CRUZ,GOBIERNO AUTÓNOMO MUNICIPAL,MINEROS,NINGUNO,FALSE
307,SANTA CRUZ,GOBIERNO AUTÓNOMO MUNICIPAL,MONTERO,NINGUNO,FALSE
308,SANTA CRUZ,GOBIERNO AUTÓNOMO MUNICIPAL,MORO MORO,NINGUNO,FALSE
309,SANTA CRUZ,GOBIERNO AUTÓNOMO MUNICIPAL,OKINAWA UNO,NINGUNO,FALSE
310,SANTA CRUZ,GOBIERNO AUTÓNOMO MUNICIPAL,PAILÓN,NINGUNO,FALSE
311,SANTA CRUZ,GOBIERNO AUTÓNOMO MUNICIPAL,PAMPA GRANDE,NINGUNO,FALSE
312,SANTA CRUZ,GOBIERNO AUTÓNOMO MUNICIPAL,PORONGO,NINGUNO,FALSE
313,SANTA CRUZ,GOBIERNO AUTÓNOMO MUNICIPAL,PORONGO (AYACUCHO),NINGUNO,FALSE
314,SANTA CRUZ,GOBIERNO AUTÓNOMO MUNICIPAL,POSTRER VALLE,NINGUNO,FALSE
315,SANTA CRUZ,GOBIERNO AUTÓNOMO MUNICIPAL,PUCARA,NINGUNO,FALSE
316,SANTA CRUZ,GOBIERNO AUTÓNOMO MUNICIPAL,PUERTO QUIJARRO,NINGUNO,FALSE
317,SANTA CRUZ,GOBIERNO AUTÓNOMO MUNICIPAL,PUERTO QUIRUSILLAS,NINGUNO,FALSE
318,SANTA CRUZ,GOBIERNO AUTÓNOMO MUNICIPAL,SAIPINA,NINGUNO,FALSE
319,SANTA CRUZ,GOBIERNO AUTÓNOMO MUNICIPAL,QUIRUSILLAS,NINGUNO,FALSE
320,SANTA CRUZ,GOBIERNO AUTÓNOMO MUNICIPAL,SAMAIPATA,NINGUNO,FALSE
321,SANTA CRUZ,GOBIERNO AUTÓNOMO MUNICIPAL,SAN ANTONIO DE LOMERÍO,NINGUNO,FALSE
322,SANTA CRUZ,GOBIERNO AUTÓNOMO MUNICIPAL,SAN CARLOS,NINGUNO,FALSE
323,SANTA CRUZ,GOBIERNO AUTÓNOMO MUNICIPAL,SAN IGNACIO DE VELASCO,NINGUNO,FALSE
324,SANTA CRUZ,GOBIERNO AUTÓNOMO MUNICIPAL,SAN JAVIER,NINGUNO,FALSE
325,SANTA CRUZ,GOBIERNO AUTÓNOMO MUNICIPAL,SAN IGNACION (SAN IGNACIO DE VELASCO),NINGUNO,FALSE
326,SANTA CRUZ,GOBIERNO AUTÓNOMO MUNICIPAL,SAN JUAN DE YAPACANÍ,NINGUNO,FALSE
327,SANTA CRUZ,GOBIERNO AUTÓNOMO MUNICIPAL,SAN JOSÉ,NINGUNO,FALSE
328,SANTA CRUZ,GOBIERNO AUTÓNOMO MUNICIPAL,SAN JUAN,NINGUNO,FALSE
329,SANTA CRUZ,GOBIERNO AUTÓNOMO MUNICIPAL,SAN MIGUEL DE VELASCO,NINGUNO,FALSE
330,SANTA CRUZ,GOBIERNO AUTÓNOMO MUNICIPAL,SAN PEDRO,NINGUNO,FALSE
331,SANTA CRUZ,GOBIERNO AUTÓNOMO MUNICIPAL,SAN MIGUEL (SAN MIGUEL DE VELASCO),NINGUNO,FALSE
332,SANTA CRUZ,GOBIERNO AUTÓNOMO MUNICIPAL,SAN RAMÓN,NINGUNO,FALSE
333,SANTA CRUZ,GOBIERNO AUTÓNOMO MUNICIPAL,SANTA CRUZ DE LA SIERRA,NINGUNO,FALSE
334,SANTA CRUZ,GOBIERNO AUTÓNOMO MUNICIPAL,SANTA ROSA DEL SARA,NINGUNO,FALSE
335,SANTA CRUZ,GOBIERNO AUTÓNOMO MUNICIPAL,TRIGAL,NINGUNO,FALSE
336,SANTA CRUZ,GOBIERNO AUTÓNOMO MUNICIPAL,URUBICHÁ,NINGUNO,FALSE
337,SANTA CRUZ,GOBIERNO AUTÓNOMO MUNICIPAL,VALLEGRANDE,NINGUNO,FALSE
338,SANTA CRUZ,GOBIERNO AUTÓNOMO MUNICIPAL,WARNES,NINGUNO,FALSE
339,SANTA CRUZ,GOBIERNO AUTÓNOMO MUNICIPAL,YAPACANÍ,NINGUNO,FALSE
340,TARIJA,GOBIERNO AUTÓNOMO MUNICIPAL,BERMEJO,NINGUNO,FALSE
341,TARIJA,GOBIERNO AUTÓNOMO MUNICIPAL,CARAPARÍ,NINGUNO,FALSE
342,TARIJA,GOBIERNO AUTÓNOMO MUNICIPAL,EL PUENTE,NINGUNO,FALSE
343,TARIJA,GOBIERNO AUTÓNOMO MUNICIPAL,ENTRE RÍOS,NINGUNO,FALSE
344,TARIJA,GOBIERNO AUTÓNOMO MUNICIPAL,PADCAYA,NINGUNO,FALSE
345,TARIJA,GOBIERNO AUTÓNOMO MUNICIPAL,SAN LORENZO,NINGUNO,FALSE
346,TARIJA,GOBIERNO AUTÓNOMO MUNICIPAL,TARIJA,NINGUNO,FALSE
347,TARIJA,GOBIERNO AUTÓNOMO MUNICIPAL,URIONDO (CONCEPCIÓN),NINGUNO,FALSE
348,TARIJA,GOBIERNO AUTÓNOMO MUNICIPAL,VILLA MONTES,NINGUNO,FALSE
349,TARIJA,GOBIERNO AUTÓNOMO MUNICIPAL,YACUIBA,NINGUNO,FALSE
350,TARIJA,GOBIERNO AUTÓNOMO MUNICIPAL,YUNCHARÁ,NINGUNO,FALSE